addons.py,var,addon,init,load,logger,manager,setting
addons.py,comment
cmdline.py,var,argument,class,command,command,command,command,command,command,command,command,command,dict,entry,execute,header,iter,module,optional,parse,parser,point,pop,print,print,print,print,profile,run,run,run,scrapy,unknown
cmdline.py,comment,add,argument,attribute,class,collect,collect,collection,command,cpython,debug,del,difference,difference,doc,editor,en,environment,error,exit,function,garbage,gc,gc,highlight,html,http,info,iter,late,merge,org,parameter,print,py,py,pypy,related,run,scrapy,set,spider,spider,start,strategy,todo,twist,utils
crawler.py,var,addon,apply,component,crawl,crawl,crawl,crawler,crawler,crawler,crawler,crawler,crawler,crawler,create,create,create,create,create,downloader,engine,extension,graceful,handler,init,init,init,invalid,item,join,kill,loader,log,logger,middleware,middleware,multiple,pipeline,process,reactor,reactor,root,runner,setting,shutdown,signal,signal,spider,spider,spider,start,stop,stop,stop,stop,update
crawler.py,comment,assign,attribute,block,call,cast,cast,collect,crawler,deferreds,don,f401,fire,garbage,handler,import,instal,internet,invalid,lambda,leave,loader,loader,merge,multiple,noqa,raise,reactor,reactor,root,scope,scrapy,setting,setting,shutdown,spider,spider,spider,stage,start,stop,support,temporary,temporary,twist,type,type,update,zope
dupefilters.py,var,base,close,close,crawler,dupe,dupe,filter,filter,fingerprint,init,log,log,open,request,request,request,rfp,setting,setting
dupefilters.py,comment,python,require,type
exceptions.py,var,close,close,configure,contract,deprecation,dont,download,drop,error,fail,ignore,init,init,init,invalid,item,output,request,scrapy,spider,spider,stop,support,usage,warn
exceptions.py,comment,command,crawl,http,internal,item
exporters.py,var,add,base,beautify,beautify,beautify,build,comma,configure,configure,csv,export,export,export,export,export,export,export,export,export,export,export,export,export,export,export,export,export,export,exporter,exporter,exporter,exporter,exporter,exporter,exporter,exporter,exporter,field,field,field,field,field,field,finish,finish,finish,finish,header,indent,init,init,init,init,init,init,init,init,item,item,item,item,item,item,item,item,item,item,item,item,item,item,item,item,item,item,item,join,json,json,line,marshal,newline,newline,pickle,pprint,python,row,serialize,serialize,serialize,serialize,serialize,serialize,set,start,start,start,write,xml,xml
exporters.py,comment,addition,avoid,behaviour,closing,declare,dict,difference,encoder,encoder,exporter,field,file,github,http,ignore,indent,indent,indent,issue,item,item,json,json,json,key,list,newlines,nosec,nosec,nosec,override,prevent,scrapy,scrapy,scrapy,scrapy,small,string,type,window,wrap
extension.py,var,component,extension,manager,mwlist,setting
extension.py,comment
interfaces.py,var,find,ispider,list,load,loader,request,setting
interfaces.py,comment
item.py,var,copy,deepcopy,delitem,field,getattr,getitem,hash,init,item,item,iter,key,len,meta,repr,setattr,setitem
item.py,comment,avoid,case,common,create,dict
link.py,var,eq,hash,init,link,repr,slot
link.py,comment
logformatter.py,var,crawl,crawledmsg,crawler,download,downloaderrormsg,downloaderrormsg,drop,droppedmsg,error,error,error,formatter,item,itemerrormsg,log,long,scrap,scrapedmsg,short,spider,spidererrormsg
logformatter.py,comment,backward,compatibility,logformatter,python,require,scrapy,type,version
mail.py,var,byte,commaspace,create,encoders,factory,fail,init,logger,mail,send,sender,sender,sendmail,setting,twist,version
mail.py,comment,blob,cpython,define,email,email,github,hostname,http,l42,lib,module,py,python,python,require,require,starttls,twist,type,undocumented,utils,utils,v3,version
middleware.py,var,add,chain,close,component,crawler,init,logger,manager,middleware,middleware,mwlist,open,parallel,process,process,setting,setting,spider,spider
middleware.py,comment,async,compatibility,exception,method,output,output,process,process,process,python,remove,require,spider,spider,spider,tuple,type
pqueues.py,var,active,aware,close,close,crawler,crawler,download,downloader,downloader,init,init,init,init,interface,key,len,len,logger,path,peek,peek,pop,pop,pqfactory,priority,priority,priority,prios,push,push,qfactory,queue,queue,safe,scrapy,slot,stats
pqueues.py,comment,add,add,collision,error,fail,letter,nosec,part,priority,queue,replace,serialization,slot,slot,unique
resolver.py,var,address,begin,cache,cache,cache,cache,cancel,complete,crawler,crawler,dnscache,host,host,host,hostname,init,init,init,init,install,install,reactor,reactor,receiver,resolution,resolution,resolution,resolution,resolve,resolve,resolver,resolver,result,thread
resolver.py,comment,argument,cache,call,default,dns,enforce,host,input,miss,overridden,pass,scrapy,set,simply,timeout,timeout,todo,tuple,twist
responsetypes.py,var,args,body,class,content,content,disposition,filename,header,init,mimetype,response,responsetypes,type,type
responsetypes.py,comment
robotstxt.py,var,crawler,crawler,crawler,crawler,crawler,decode,init,init,init,init,logger,parser,parser,parser,parser,parser,protego,python,reppy,rerp,robot,robot,robot,robot,robot,robotstxt
robotstxt.py,comment,disregard,encode,find,garbage,python,require,robot,state,switch,txt,type,utf
shell.py,var,callback,class,defer,fetch,init,inspect,open,populate,print,relevant,relevant,request,response,restore,schedule,shell,spider,start,var
shell.py,comment,accidental,add,add,asyncio,close,ctrl,current,default,disable,engine,event,fallback,handler,key,loop,nosec,press,remove,save,set,shell,shell,shell,shut,sigint,standard,start,thread
signalmanager.py,var,catch,catch,connect,defer,disconnect,disconnect,init,log,log,manager,send,send,signal,signal
signalmanager.py,comment
signals.py,var,byte,close,close,close,close,closing,download,downloader,downloader,drop,drop,engine,engine,error,error,exporter,feed,feed,header,idle,item,item,item,item,leave,open,open,pass,reach,receive,receive,receive,receive,request,request,request,request,request,response,response,schedule,scrap,slot,spider,spider,spider,spider,spider,spider,spider,start,stats,stats,stats,stop
signals.py,comment,backward,compatibility
spiderloader.py,var,check,duplicate,find,init,list,load,load,load,loader,request,setting,spider,spider,spider
spiderloader.py,comment,python,require,type
squeues.py,var,crawler,crawler,create,directory,disk,disk,disk,disk,disk,disk,disk,disk,fifo,fifo,fifo,fifo,fifo,init,init,lifo,lifo,lifo,lifo,lifo,marshal,marshal,marshal,marshal,memory,memory,mkdir,peek,peek,peek,pickle,pickle,pickle,pickle,pickle,pop,pop,push,push,queue,queue,queue,queue,queue,queue,queue,queue,queue,queue,queue,queue,queue,queue,queue,queue,request,request,scrapy,scrapy,scrapy,scrapy,serializable,serializable,serialization,serialization,serialization,serialization,serialization,serialization,serialize
squeues.py,comment,attribute,class,dump,error,error,error,nosec,parsel,pickle,pickle,pickle,public,queue,raise,raise,selector,type
statscollectors.py,var,clear,close,collector,collector,collector,dummy,init,init,logger,max,max,memory,min,min,open,persist,persist,set,set,set,set,spider,spider,stats,stats,stats,stats,stats,stats,stats,stats,stats,stats
statscollectors.py,comment
__init__.py,var,info,twist,txv,version,version,version
__init__.py,comment,check,declare,deprecation,ignore,level,minimum,noisy,python,required,scrapy,shortcut,top,twist,twist,version,version,warning
__main__.py,var
__main__.py,comment
commands/bench.py,var,baseurl,bench,bench,command,default,desc,enter,exit,extractor,link,parse,request,run,server,setting,short,show,spider,start,total
commands/bench.py,comment,ignore,nosec,nosec,override,type
commands/check.py,var,add,command,default,desc,option,print,project,require,result,result,run,setting,short,summary,syntax,test,test,text,text
commands/check.py,comment,attr,check,contract,contract,decorator,define,ignore,implement,isn,load,request,start,type,typeshed,writeln
commands/crawl.py,var,command,desc,project,require,run,short,syntax
commands/crawl.py,comment
commands/edit.py,var,command,default,desc,desc,err,long,project,require,run,setting,short,syntax
commands/edit.py,comment,nosec
commands/fetch.py,var,add,byte,command,desc,desc,header,long,option,print,print,print,project,require,response,run,short,syntax
commands/fetch.py,comment,code,command,default,expect,framework,handle,handle,redirects
commands/genspider.py,var,add,command,default,desc,dir,domain,exist,extract,find,genspider,list,module,option,project,require,run,sanitize,scheme,setting,short,spider,syntax,template,templates,templates,url,verify
commands/genspider.py,comment,command,directory,exists,exists,exists,file,file,filename,nosec,run,spider,standalone,target
commands/list.py,var,command,default,desc,project,require,run,setting,short
commands/list.py,comment
commands/parse.py,var,add,add,add,callback,callback,callback,callback,cb,command,data,desc,exception,handle,item,item,item,item,iterate,iterate,iterate,kwargs,level,logger,max,meta,option,option,output,output,output,parse,prepare,print,print,print,process,process,process,project,request,request,request,request,request,request,request,request,require,response,result,rule,run,run,scrap,set,short,spider,spider,spider,spider,spidercls,start,start,syntax
commands/parse.py,comment,argument,attr,cb,cbkwargs,define,extra,extra,ignore,item,kwargs,memorize,meta,meta,meta,opt,option,parse,parse,pass,pass,prepare,request,request,request,spidercls,type,update,update
commands/runspider.py,var,command,default,desc,desc,file,import,long,project,require,run,setting,short,syntax
commands/runspider.py,comment
commands/settings.py,var,add,command,default,desc,option,project,require,run,setting,short,syntax
commands/settings.py,comment
commands/shell.py,var,add,command,crawler,default,desc,desc,long,option,project,require,run,setting,short,start,syntax,thread,update,var
commands/shell.py,comment,argument,class,crawl,crawl,crawler,crawler,create,engine,engine,file,handle,local,manually,method,persistent,set,shell,shell,win,work
commands/startproject.py,var,command,copytree,default,desc,dir,exist,ignore,make,module,owner,permission,project,render,require,run,setting,short,syntax,templates,templates,valid,writable,write
commands/startproject.py,comment,arg,args,bug,case,doesn,fully,http,ignore,issue32689,move,org,path,python,shutil,support,support,type,type
commands/version.py,var,add,command,default,desc,option,run,setting,short,syntax
commands/version.py,comment
commands/view.py,var,add,command,desc,desc,logger,long,option,print,response,short
commands/view.py,comment
commands/__init__.py,var,add,add,base,command,command,crawler,crawler,default,desc,desc,exitcode,format,formatter,init,init,join,long,option,option,option,option,part,part,process,process,process,project,require,run,run,scrapy,scrapy,set,setting,short,spider,string,syntax
commands/__init__.py,comment,builtins,cmdline,command,command,default,default,global,list,list,scrapy,scrapy,set,setting,shadow
contracts/default.py,var,adjust,adjust,args,args,argument,callback,contract,contract,contract,contract,init,keyword,object,post,post,process,process,request,request,return,scrape,type,url,verifier
contracts/default.py,comment,contract
contracts/__init__.py,var,add,add,adjust,args,case,cb,cl,clean,contract,contract,contract,contract,contract,create,eb,extract,hook,hook,init,init,manager,method,method,post,pre,req,request,request,spider,spidercls,str,test,test,testcase,wrapper,wrapper,wrapper,wrapper
contracts/__init__.py,comment,args,argument,calculate,callback,check,define,disable,disable,don,execute,filter,finally,finally,hook,kwargs,order,positional,post,pre,pylint,pylint,request,request,return,return,test,url
core/engine.py,var,add,backout,class,close,close,close,close,closing,complete,crawl,download,download,download,downloader,engine,engine,errback,execution,failure,finish,fire,handle,idle,idle,init,init,log,logger,open,output,pause,remove,remove,request,request,request,request,request,request,schedule,scheduler,scheduler,slot,spider,spider,spider,spider,start,stats,stop,stop,success,unpause
core/engine.py,comment,attr,attr,attr,close,close,downloader,downloader,downloader,downloader,handle,ignore,ignore,ignore,middleware,pending,redirects,request,request,request,return,spider,start,type,type,type,type,type,type,type,type,type,type,type,type,type,union,union,union
core/scheduler.py,var,base,base,close,close,crawler,crawler,dq,dqdir,dqpop,dqpush,dqs,dqs,enqueue,enqueue,init,instancecheck,len,logger,meta,mq,mqpush,open,open,pending,pending,read,request,request,request,request,request,request,scheduler,scheduler,scheduler,scheduler,state,state,subclasscheck,tv,write
core/scheduler.py,comment,python,request,require,serializable,type
core/scraper.py,var,add,backout,call,check,close,closing,defer,download,enqueue,error,error,finish,finish,finish,handle,handle,idle,idle,init,init,itemproc,log,logger,min,open,output,output,process,queue,request,request,response,response,response,response,scrap,scrape,scrape,scrape,scrape2,scraper,size,slot,spider,spider,spider,spider,spider,spidermw,tuple
core/scraper.py,comment,add,attr,attribute,define,failure,failure,failure,ignore,output,process,properly,result,result,return,spider,todo,type,type,type,type,type,type,type,type
core/spidermw.py,var,add,async,async,callback,callback,component,evaluate,exception,exception,func,init,input,isiterable,iterable,logger,manager,method,middleware,middleware,mwlist,output,output,output,pair,process,process,process,process,process,process,process,process,process,request,response,scrape,scrape,setting,spider,spider,spider,spider,spider,start,sync
core/spidermw.py,comment,architecture,arg,async,async,async,async,async,async,async,async,async,async,async,async,async,await,back,callback,case,chain,chain,compatibility,compatibility,compatibility,complicates,control,coroutine,def,def,def,def,def,def,def,def,def,deferred,deferred,deferred,didn,directly,doesn,don,downgrade,downgrade,downgrade,downgrade,downgrade,downgrade,drop,exception,exception,exception,exception,exception,fail,feature,foo,foo,foo,foo,foo,foo,foo,foo,forbid,generator,hand,handle,handle,handle,ignore,immediately,immediately,inline,invalid,item,iterable,iterable,iterable,iterable,iterable,iterable,iterables,iterables,iterables,list,make,method,method,method,method,method,method,method,method,middleware,output,output,output,output,output,output,pass,pass,pass,process,process,process,process,process,process,process,rely,remove,remove,remove,remove,remove,respective,result,result,return,return,return,roll,silence,simplify,spider,spider,spider,spider,spider,spider,spider,stop,store,sync,sync,tuple,tuples,type,type,upgraded,wait,warning,weird,work,wrap
core/__init__.py,var
core/__init__.py,comment
core/downloader/contextfactory.py,var,acceptable,browser,certificate,client,context,context,context,context,context,creator,creator,creator,factory,factory,factory,factory,init,init,load,netloc,netloc,netloc,option,protocol,scrapy,setting,setting
core/downloader/contextfactory.py,comment,attribute,attribute,aware,backward,ca,cacert,cacert,call,call,cas,cas,certificate,client,compatible,connect,connect,context,context,context,context,context,default,default,downloader,factory,factory,factory,factory,getattr,github,http,http,http,ignore,init,issue,issuecomment,legacy,method,method,method,method,misc,op,org,org,platform,platform,provide,recommend,reject,require,respect,root,root,scrapy,scrapy,scrapy,seldom,server,set,set,ship,simple,ssl,ssl,ssl,style,subclass,super,tls,true,trust,trust,twist,type,verify,verify,website,word,www
core/downloader/middleware.py,var,add,component,download,downloader,exception,manager,middleware,middleware,mwlist,process,process,process,request,response,setting
core/downloader/middleware.py,comment
core/downloader/tls.py,var,callback,cipher,client,default,identity,info,init,logger,method,method,method,method,method,openssl,option,scrapy,sv10,sv11,sv12,tl,tl,tl,tl,tl,verify
core/downloader/tls.py,comment,negotiation,protocol,recommend,tls,tls,tls
core/downloader/webclient.py,var,args,attribute,build,build,cancel,client,client,connection,connection,connection,connection,delimiter,end,factory,fail,find,follow,getter,handle,handle,handle,handle,header,header,header,http,http,init,line,lose,make,noisy,page,page,page,parse,parsed,protocol,protocol,receive,redirect,repr,response,response,scrapy,scrapy,set,status,status,timeout,timeout,url,wait
core/downloader/webclient.py,comment,add,alive,ascii,assume,attempt,attribute,avoids,base,base,body,body,body,break,bucket,byte,call,callback,case,class,class,class,cleanup,client,client,client,client,code,command,comply,connection,connection,connection,connection,content,content,convert,decides,deferred,deferred,deprecate,disconnect,disconnect,disconnect,error,exception,expect,factory,factory,fail,fail,fire,fix,github,handle,header,header,header,host,http,http,http,http,http,implement,inherit,interface,len,length,length,logic,merge,method,method,method,overridden,parsed,pass,post,pull,r32329,redirects,request,response,safe,scrapy,set,set,specifically,string,support,transport,twist,twist,twist,twist,twist,twist,twist,twist,url,url,url,urlparse,wait,web
core/downloader/__init__.py,var,backout,close,close,concurrency,deactivate,deactivate,delay,delay,download,download,download,download,downloader,enqueue,fetch,finish,free,gc,init,init,key,process,queue,repr,request,slot,slot,slot,slot,slot,slot,str,transfer,transfer
core/downloader/__init__.py,comment,arrives,burst,change,configure,configure,create,deferred,deferreds,delay,delay,delay,download,download,download,download,downloader,enqueued,free,free,important,inter,listener,middleware,nosec,notify,order,prevent,process,processing,query,queue,queue,recent,remove,request,request,request,request,request,response,response,slot,slot,slot,state,transfer,transfer,transfer
core/downloader/handlers/datauri.py,var,data,download,download,handler,lazy,request,uri
core/downloader/handlers/datauri.py,comment
core/downloader/handlers/file.py,var,download,download,file,handler,lazy,request
core/downloader/handlers/file.py,comment
core/downloader/handlers/ftp.py,var,build,client,close,code,code,crawler,data,data,download,download,fail,filename,ftp,handler,init,init,lazy,map,protocol,receive,receive,request,response
core/downloader/handlers/ftp.py,comment
core/downloader/handlers/http.py,var,download,handler,http
core/downloader/handlers/http.py,comment
core/downloader/handlers/http10.py,var,connect,crawler,download,handler,http10download,init,lazy,request
core/downloader/handlers/http10.py,comment
core/downloader/handlers/http11.py,var,agent,agent,agent,agent,agent,agent,agent,answer,body,bodydone,bodyready,call,cancel,cancel,cb,cb,cb,cb,close,connect,connect,connection,connection,crawler,data,data,delay,download,download,endpoint,endpoint,endpoint,error,fail,finish,handler,header,header,http11download,init,init,init,init,init,init,init,latency,lazy,length,logger,lose,make,matcher,pause,process,produce,produce,produce,producer,proxy,proxy,proxy,reader,receive,request,request,request,request,request,request,request,response,response,response,response,response,response,scrapy,scrapy,start,stop,tcp4client,timeout,truncate,tunnel,tunnel,tunnel,tunnel,tunnel,tunnel,twist,tx
core/downloader/handlers/http11.py,comment,abort,address,avoid,blank,body,body,body,buffer,buffer,byte,byte,cache,cache,cache,cache,call,call,callback,cancel,check,clear,close,close,connect,connection,connection,connection,connection,connection,connection,connection,consume,consume,data,data,deferred,deliver,destination,detail,disconnect,doesn,doesn,don,download,download,earlier,end,errbacks,extension,external,find,github,handle,hang,hang,header,host,host,http,http,http,http,http,immediately,indication,issue,issue,issue,issue,key,key,latency,layer,line,ll,ll,long,lose,make,manually,memory,network,pool,port,problem,proper,proxy,proxy,proxy,proxy,reader,ready,receive,remote,request,request,request,required,response,response,response,responses,reuse,save,scrapy,scrapy,send,server,server,set,set,single,ticket,time,time,timeout,timeout,timeout,timeouts,tls,trac,tunnel,twist,twistedmatrix,ve
core/downloader/handlers/http2.py,var,agent,agent,agent,cb,cb,close,crawler,download,download,h2agent,h2download,h2download,handler,handler,init,init,latency,proxy,request,request,scrapy,subclass,timeout
core/downloader/handlers/http2.py,comment
core/downloader/handlers/s3.py,var,crawler,download,handler,init,request,s3download
core/downloader/handlers/s3.py,comment,anon,anonymous,connection,credential,default,explicitly,false,find,request,set,true
core/downloader/handlers/__init__.py,var,close,download,download,handler,handler,handler,init,load,logger,request
core/downloader/handlers/__init__.py,comment,acceptable,fail,handler,handler,instance,instance,remembers,scheme,scheme,store,store
core/http2/agent.py,var,close,connection,connection,connection,connection,connection,endpoint,endpoint,h2agent,h2agent,h2connection,init,init,init,key,key,pool,proxy,put,remove,request,scrapy
core/http2/agent.py,comment,arrive,call,check,connect,connection,connection,connection,connection,connection,connection,connection,create,deferred,deferred,deferred,dictionary,errback,establish,establish,establish,fire,fire,h2client,h2client,hostname,http,inside,instance,instance,instance,instance,key,pending,port,proper,protocol,protocol,receive,remote,remote,request,request,request,respective,return,save,scheme,store,tuple,type,uri,wrap
core/http2/protocol.py,var,acceptable,acknowledge,allowed405,build,check,complete,concurrent,connect,connection,connection,connection,connection,connection,connection,data,data,data,end,error,event,factory,h2,h2client,h2client,handle,handshake,idle,init,init,init,init,init,invalid,logger,lose,lose,make,max,method,negotiated,pending,pop,protocol,protocol,protocol,protocol,protocol,receive,receive,receive,receive,remote,request,request,reset,response,send,setting,str,str,str,stream,stream,stream,stream,stream,terminate,terminate,timeout,timeout,transport,update,window,write
core/http2/protocol.py,comment,abort,acknowledge,actively,actively,add,address,address,address,aren,base,cancel,certificate,certificate,check,client,close,code,concurrent,connect,connection,connection,connection,connection,connection,connection,connection,connection,connection,connection,connection,connection,connection,connection,connection,connection,connection,connection,connection,connection,connection,convention,counter,counter,current,data,data,data,data,dictionary,drop,drop,ensure,error,error,error,error,error,error,error,establish,establish,establish,event,event,event,event,event,fail,failure,fifo,flag,frame,function,goaway,h2,h2,h2,handle,handler,http,http,http,http,http,hyper,hyper,id,id,identifier,idle,idle,idle,ignore,ignore,ignore,ignore,initialize,initialized,initiate,initiate,initiate,initiate,initiate,initiate,initiate,initiate,initiate,instance,instance,instance,instance,internally,ip,key,lead,lead,leftover,lose,make,make,make,make,make,make,manually,max,meta,notify,number,odd,open,open,open,pas,pass,peer,peer,peer,pending,pending,pending,policy,pool,pool,pool,project,proper,protocol,protocol,raise,receive,receive,receive,remote,remote,request,request,request,request,request,request,request,request,request,request,reset,reset,response,rfc,save,save,save,scenario,section,send,send,send,send,send,server,server,server,server,server,setting,setting,simple,start,store,stream,stream,stream,stream,stream,streams,streams,streams,streams,streams,streams,streams,streams,streams,successfully,successfully,timeout,timeout,timeout,timeout,track,track,type,type,type,type,type,type,type,ultimately,update,update,uri,uri,variable,verify
core/http2/stream.py,var,cancel,cancel,check,close,close,close,connection,data,data,defer,end,exceed,fire,header,header,hostname,hostname,inactive,inactive,init,init,init,initiate,invalid,invalid,log,logger,lose,maxsize,reason,receive,receive,receive,repr,request,request,request,reset,reset,response,response,send,str,str,stream,stream,stream,stream,update,url,warnsize,window
core/http2/stream.py,comment,abruptly,abruptly,acknowledge,add,add,amount,amount,append,avoid,body,body,buffer,build,call,call,call,call,call,callback,cancel,cancel,cancel,cancel,cancel,case,case,check,check,check,check,check,class,clear,client,client,client,client,client,close,close,close,close,close,close,code,completely,component,component,connect,connect,connection,connection,connection,connection,content,content,content,content,control,control,convert,correct,count,current,data,data,data,data,data,data,data,data,data,data,data,data,data,data,decrease,default,deferred,deferred,deferred,deferred,deferred,directly,download,earlier,empty,empty,encode,end,end,end,end,end,errback,error,event,event,event,exceed,exceed,exceed,exception,exception,expect,field,field,field,field,file,fire,firstly,flag,flag,flag,flag,flag,flag,flow,flow,flush,frame,frame,frame,frame,frame,frame,frame,frame,gracefully,handle,header,header,header,header,header,header,header,header,header,header,header,header,hostname,hostname,http,http,http,http,http,http,http,http,http,immediately,immediately,important,include,include,include,include,include,initialized,initiate,initiate,initiate,instantiated,length,length,length,length,limit,list,list,log,long,lose,lose,make,make,make,max,maximum,maxsize,maxsize,memory,metadata,method,method,note,note,note,number,omit,option,order,partial,pass,pass,path,path,path,path,payload,peer,private,pseudo,pseudo,pseudo,pseudo,receive,receive,receive,receive,receive,receive,receive,receive,receive,receive,receive,receive,refer,refer,remain,remain,remote,remove,request,request,request,request,request,request,request,request,request,request,request,reset,reset,reset,response,response,response,response,response,response,response,response,response,response,response,response,rest,result,rfc,rfc,rfc,rule,scheme,section,section,section,send,send,send,send,send,send,send,send,server,server,set,size,size,size,size,size,small,status,status,stream,stream,stream,stream,stream,stream,stream,stream,stream,stream,stream,stream,stream,stream,stream,stream,stream,time,time,track,track,track,track,transfer,transport,update,ur,ur,uri,url,variable,warnsize,whichever,window,window,window,window
core/http2/__init__.py,var
core/http2/__init__.py,comment
downloadermiddlewares/ajaxcrawl.py,var,ajax,ajax,ajax,ajaxcrawlable,crawl,crawlable,crawlable,crawler,init,logger,meta,middleware,process,response,variant
downloadermiddlewares/ajaxcrawl.py,comment,body,byte,check,comment,default,don,fail,fast,google,handle,http,insufficient,link,loop,method,middleware,middleware,move,page,par,par,parse,path,prevent,properly,python,quick,redirect,require,safe,scrapy,scrapy,script,slow,slow,slow,string,strip,text,turn,type,w3lib,work,xxx,xxx
downloadermiddlewares/cookies.py,var,cookie,cookie,cookie,cooky,cooky,cooky,crawler,debug,debug,domain,domain,format,init,logger,middleware,process,process,process,public,request,request,response,set,split
downloadermiddlewares/cookies.py,comment,cookie,cookie,cooky,cooky,domain,drop,expire,extract,header,invalid,path,python,require,set,set,type
downloadermiddlewares/defaultheaders.py,var,crawler,default,header,init,middleware,process,request
downloadermiddlewares/defaultheaders.py,comment,python,require,type
downloadermiddlewares/downloadtimeout.py,var,crawler,download,init,middleware,open,process,request,spider,timeout
downloadermiddlewares/downloadtimeout.py,comment,python,require,type
downloadermiddlewares/httpauth.py,var,auth,crawler,http,middleware,open,process,request,spider
downloadermiddlewares/httpauth.py,comment,attr,define,ignore,python,require,type,type
downloadermiddlewares/httpcache.py,var,cache,cache,close,crawler,download,exception,exception,http,init,middleware,open,process,process,process,request,response,response,spider,spider
downloadermiddlewares/httpcache.py,comment,avoid,cache,cache,cache,cache,cache,check,date,expire,expire,flag,hand,header,hook,html,http,lookup,org,origin,process,protocol,python,reference,request,request,request,require,require,response,response,response,response,responses,responses,return,rfc2616,rfc2616,rfc2616,sec14,sec14,server,set,skip,skip,time,type,uncacheable,uncacheable,uncacheable,validate,w3,www
downloadermiddlewares/httpcompression.py,var,accept,compression,crawler,decode,encode,encodings,encodings,handle,http,init,logger,middleware,open,process,process,request,response,spider,split
downloadermiddlewares/httpcompression.py,comment,encode,f401,f401,f401,force,guess,make,noqa,noqa,noqa,python,recalculate,reliable,require,responsetypes,type
downloadermiddlewares/httpproxy.py,var,auth,basic,crawler,cred,header,http,init,middleware,process,proxy,proxy,proxy,request,set
downloadermiddlewares/httpproxy.py,comment,attr,define,docker,http,ignore,parse,parsed,proxy,proxy,python,require,run,scheme,skip,sock,support,type,type,var
downloadermiddlewares/redirect.py,var,base,build,crawler,enable,enable,init,init,logger,meta,middleware,middleware,middleware,process,process,redirect,redirect,redirect,redirect,redirect,refresh,request,request,response,response,set,set
downloadermiddlewares/redirect.py,comment,cors,fetch,header,http,org,python,ref,request,require,spec,type,whatwg,wildcard
downloadermiddlewares/retry.py,var,backwards,backwards,compatibility,compatibility,crawler,exception,getattr,getattr,getattr,init,logger,metaclass,middleware,process,process,request,response,retry,retry,retry,retry
downloadermiddlewares/retry.py,comment,exception,overridden,python,require,retry,type
downloadermiddlewares/robotstxt.py,var,cb,crawler,download,error,init,logerror,logger,middleware,parse,parser,priority,process,process,request,request,robot,robot,robot,robot,txt
downloadermiddlewares/robotstxt.py,comment,check,dependency,error,meet,parser,python,require,throw,type
downloadermiddlewares/stats.py,var,crawler,downloader,exception,header,init,process,process,process,request,response,size,size,stats,status
downloadermiddlewares/stats.py,comment,body,header,http,python,require,resp,response,response,response,status,status,type
downloadermiddlewares/useragent.py,var,agent,crawler,init,middleware,open,process,request,spider,user
downloadermiddlewares/useragent.py,comment,python,require,type
downloadermiddlewares/__init__.py,var
downloadermiddlewares/__init__.py,comment
extensions/closespider.py,var,close,close,count,count,count,crawler,error,init,item,item,item,item,item,logger,open,open,page,produce,scrap,scrap,spider,spider,spider,spider
extensions/closespider.py,comment,python,require,type
extensions/corestats.py,var,close,core,crawler,drop,init,item,item,open,receive,response,scrap,spider,spider,stats
extensions/corestats.py,comment,python,require,type
extensions/debug.py,var,crawler,debugger,debugger,dump,dump,enter,init,init,logger,stack,stack,stacktrace,thread,trace
extensions/debug.py,comment,don,don,platform,platform,python,require,signal,signal,sigusr,sigusr,support,support,type,win32,win32
extensions/feedexport.py,var,accepts,batch,block,boto3,boto3,build,build,close,close,component,crawler,crawler,crawler,crawler,deferreds,error,export,export,exporter,exporter,exporter,feed,feed,feed,feed,feed,feed,feed,feed,file,file,filter,filter,finish,ftp,gc,handle,handle,ifeed,init,init,init,init,init,init,init,init,init,instance,instance,item,item,load,load,logger,open,open,open,open,open,params,pending,s3feed,scrap,setting,slot,slot,slot,spider,spider,start,start,stdout,storage,storage,storage,storage,storage,storage,storage,storage,storage,storage,store,store,store,store,store,store,store,store,store,store,success,support,support,thread,thread,thread,thread,uri,valid
extensions/feedexport.py,comment,accept,accept,await,backward,backward,batch,begin,case,case,class,close,close,compatibility,compatibility,continue,count,create,declare,default,default,deferreds,doesn,empty,end,export,exporter,exporter,f401,feed,feed,feed,feed,feed,feed,feed,feed,feed,file,file,filter,filter,flag,format,format,handle,handle,item,item,item,item,itemcount,load,load,noqa,normal,object,object,params,params,path,path,pathlib,pathlib,precedence,processing,remove,remove,required,send,set,setting,setting,signal,slot,slot,slot,slot,store,store,uri,uri,uri
extensions/httpcache.py,var,age,age,cache,cache,cache,cache,cache,cache,cache,cache,cache,cache,cachecontrol,cachecontrol,close,close,compute,compute,conditional,current,data,dbm,dummy,epoch,filesystem,fresh,fresh,freshness,init,init,init,init,lifetime,logger,max,maxage,meta,open,open,parse,parse,path,policy,read,read,request,request,request,response,response,response,response,response,response,response,response,response,response,retrieve,retrieve,rfc1123,rfc2616policy,set,spider,spider,spider,spider,storage,storage,store,store,valid,valid,validators
extensions/httpcache.py,comment,accept,accept,accept,age,age,agent,assign,assign,assume,cache,cache,cache,cache,cache,cache,cache,cache,cache,cache,cache,cache,cache,cache,cache,cacheability,cacheable,central,central,change,client,client,client,clock,code,compute,compute,compute,configure,connection,content,control,control,cpp,cpp,current,date,date,deal,didn,directive,directive,dxr,dxr,eligible,eligible,error,exceed,exceed,exists,expiration,expiration,expiration,expiration,expiration,expiration,expiration,expire,expire,expires,expires,fails,fallback,fallback,fast,find,find,firefox,firefox,freshness,freshness,good,hasn,head,head,head,head,header,header,header,header,header,heuristic,hint,html,html,http,http,http,http,http,http,http,http,http,http,http,implementation,included,indefinitely,info,information,insufficient,lifetime,lifetime,long,make,max,max,modify,modify,mozilla,mozilla,mozilla,mozilla,netwerk,netwerk,nosec,nosec,nosec,ns,ns,ns,ns,number,obey,obey,org,org,org,org,parse,parse,partial,past,protocol,protocol,protocol,protocol,reference,reference,request,require,response,response,response,response,response,response,response,response,response,response,response,response,response,response,responses,responses,revalidate,revalidated,rfc,rfc,rfc2616,rfc2616,rfc2616,rfc2616,rfc2616,sec13,sec13,sec14,sec14,section,sense,server,server,server,set,set,set,source,source,stale,stale,stale,stale,status,status,status,store,store,sync,synthesize,time,time,time,treat,unconditionally,user,validator,validators,w3,w3,www,www,year,year
extensions/logstats.py,var,calculate,calculate,close,crawler,final,init,log,log,logger,open,spider,spider,stats,stats,stats
extensions/logstats.py,comment,python,require,type
extensions/memdebug.py,var,close,crawler,debugger,init,memory,spider
extensions/memdebug.py,comment,python,require,type
extensions/memusage.py,var,check,check,crawler,engine,engine,init,limit,logger,memory,report,send,size,start,stop,update,usage,virtual,warn
extensions/memusage.py,comment,byte,kb,linux,mac,maxrss,module,os,platform,python,require,resource,ru,stdlib,type,unix,warn
extensions/periodic_log.py,var,close,crawler,crawler,delta,init,log,log,log,log,log,logger,open,param,periodic,spider,spider,stats,time
extensions/periodic_log.py,comment
extensions/postprocessing.py,var,bz2plugin,close,close,close,close,gzip,head,init,init,init,init,load,lzma,manager,plugin,plugin,plugin,plugins,post,processing,writable,write,write,write,write
extensions/postprocessing.py,comment,base,csv,exporter,exporter,exporter,feed,file,instance,io,io,io,io,item,manager,object,post,processing,storage,subclassed,text,wrap,wrapper,writable
extensions/spiderstate.py,var,close,crawler,init,open,spider,spider,spider,state,statefn
extensions/spiderstate.py,comment,nosec,nosec
extensions/statsmailer.py,var,close,crawler,init,mailer,spider,stats
extensions/statsmailer.py,comment
extensions/telnet.py,var,conch,conch,conch,console,crawler,init,listen,listen,logger,login,portal,protocol,start,stop,telnet,telnet,telnet,traceback,twist,twist,twist,update,var,var
extensions/telnet.py,comment,add,args,entry,note,rst,signal,telnet,telnet,telnetconsole,topic,update,update,var,variable
extensions/throttle.py,var,adjust,auto,crawler,delay,delay,delay,delay,download,init,logger,max,min,open,response,slot,spider,start,throttle
extensions/throttle.py,comment,adjust,adjust,big,close,delay,delay,delay,delay,delay,delay,delay,delay,delay,dont,error,feedback,increase,latency,latency,latency,make,make,max,mindelay,page,parallel,positive,problematic,process,provoke,redirections,reduce,reduce,request,request,respond,response,send,server,sit,small,small,status,target,target,tend,work
extensions/__init__.py,var
extensions/__init__.py,comment
http/cookies.py,var,acquire,add,add,clear,clear,cookie,cookie,cookie,cookie,cookie,cooky,cooky,cooky,cooky,domain,dummy,extract,full,full,header,header,header,header,header,host,host,host,info,init,init,init,ipv4,item,iter,jar,jar,len,lock,make,match,origin,policy,potential,release,req,request,response,session,set,set,set,type,type,unredirected,unverifiable,unverifiable,url,url,wrap,wrap
http/cookies.py,comment,blob,cookiejar,cookiejar,cookiejar,cooky,cpython,define,domain,domain,github,http,http,http,implementation,inefficient,iterate,l527,large,lib,match,module,number,potential,py,python,restrict,undocumented,v3
http/headers.py,var,appendlist,copy,copy,dict,getitem,getlist,header,init,item,normkey,normvalue,raw,setlist,setlistdefault,string,tobytes,unicode,update
http/headers.py,comment,caseless,cast,compatible,dict,dict,dict,dict,disable,fully,github,header,hint,http,ignore,ignore,ignore,ignore,improve,isn,item,override,override,override,override,pull,pylint,python,raw,refactoring,remove,require,scrapy,scrapy,type,type,type,type,type,type,wise
http/__init__.py,var
http/__init__.py,comment
http/request/form.py,var,clickable,form,form,form,form,formdata,formdata,init,input,kv,method,request,response,select,type,type,url,urlencode,valid
http/request/form.py,comment,argument,assignment,behaviour,browser,build,clickable,clickable,clickdata,clickdata,clickdata,compare,didn,don,element,element,element,element,expression,find,find,find,form,formname,identifies,ignore,invalid,match,match,nosec,nosec,nosec,nosec,nosec,number,option,option,python,require,select,select,select,simple,tag,tag,type,type,type,uniquely,xpath,xpath
http/request/json_request.py,var,attribute,dump,dump,init,json,kwargs,replace,request
http/request/json_request.py,comment
http/request/rpc.py,var,args,dump,init,request,rpc,xml,xmlrpclib
http/request/rpc.py,comment,defines,encode,method,multiple,post,query,request,restore,spec,time,url,xmlrpc
http/request/__init__.py,var,attribute,body,body,callback,cb,copy,curl,dict,encode,find,init,kwargs,meta,method,replace,repr,request,request,set,set,type,url,url,var
http/request/__init__.py,comment,access,attribute,datamodel,disable,doc,func,func,function,generate,hierarchy,html,http,instance,instance,instance,method,method,object,object,org,original,pylint,python,reference,reference,retrieve,safe,safe,set,standard,string,time,type,typecheck,unidiomatic,url,url
http/response/html.py,var,html,response
http/response/html.py,comment
http/response/json.py,var,json,response
http/response/json.py,comment
http/response/text.py,var,attribute,auto,body,body,body,bom,cache,css,declare,declare,decode,default,detect,encode,encode,encode,encode,encode,encode,encode,follow,follow,fun,header,infer,init,invalid,jmespath,json,json,response,selector,selector,selector,set,text,text,url,urljoin,xpath
http/response/text.py,comment,access,attr,attr,attr,body,cache,call,define,define,detection,encode,encode,encode,href,ignore,ignore,infer,make,result,type,type,ubody
http/response/xml.py,var,response,xml
http/response/xml.py,comment
http/response/__init__.py,var,attribute,body,body,cb,copy,css,follow,follow,init,jmespath,kwargs,meta,replace,repr,response,set,set,text,url,url,urljoin,xpath
http/response/__init__.py,comment,attr,attr,ignore,ignore,type,type,union,union
linkextractors/lxmlhtml.py,var,canonicalize,collect,content,csstranslator,deduplicate,extract,extract,extract,extract,extractor,extractor,identity,init,init,iter,link,link,link,link,link,link,link,link,link,link,link,list,logger,lxml,lxml,match,namespace,nons,parser,process,process,string,unique,url,xhtml
linkextractors/lxmlhtml.py,comment,absolute,base,bogus,document,element,fix,hacky,html,html,html,init,link,link,link,lxml,lxml,lxml,lxml,make,nosec,parsed,process,pseudo,py,relative,skip,src,underlie,url
linkextractors/__init__.py,var,extension,extractor,link,match,type,url,valid
linkextractors/__init__.py,comment,archive,audio,common,extension,file,image,import,level,link,occur,office,suit,top,video
loader/__init__.py,var,class,class,default,default,init,item,item,loader,selector
loader/__init__.py,comment
pipelines/files.py,var,access,access,active,aws,aws,aws,aws,aws,aws,aws,blob,boto,botocore,cache,complete,content,control,default,default,download,download,download,endpoint,exception,expire,fail,field,field,file,file,file,file,file,file,file,file,file,file,file,file,file,file,file,file,file,file,filesystem,fs,ftp,ftp,ftp,gc,gc,header,header,id,id,init,init,init,init,init,item,key,key,key,kwargs,logger,md5sum,medium,medium,medium,medium,medium,mkdir,mode,onsuccess,onsuccess,onsuccess,password,path,path,path,persist,persist,persist,persist,pipeline,policy,policy,project,region,request,result,s3files,scheme,secret,session,setting,ssl,stat,stat,stat,stat,stat,stats,store,store,store,store,store,store,string,token,type,url,urls,username,verify
pipelines/files.py,comment,acl,acl,acl,applied,boto,botocore,bucket,convert,default,default,dir,doesn,download,download,download,empty,empty,exist,extension,extension,file,file,file,file,file,force,force,force,gc,guess,handle,interface,mime,nosec,nosec,nosec,object,object,object,overridable,overridden,overridden,path,path,pipeline,pipeline,required,return,return,return,s3,setting,setting,setting,setting,store,store,string,string,support,support,type,wild,win32
pipelines/images.py,var,complete,convert,default,default,download,download,drop,exception,expire,field,field,file,file,height,image,image,image,image,image,image,image,init,init,item,medium,medium,min,min,noimages,path,path,pipeline,request,result,setting,thumb,thumbs,urls,width
pipelines/images.py,comment,add,attribute,backward,block,code,compatibility,image,image,import,lanczos,medium,medium,minimum,nosec,nosec,overridden,pillow,pillow,pipeline,pipeline,pipeline,remove,requirement,resampling,scrapy,setting,subclass,todo,update,uppercase
pipelines/media.py,var,cache,callback,check,complete,crawler,download,download,download,dummy,exception,execute,fail,fail,file,handle,info,init,init,item,item,key,log,log,logger,medium,medium,medium,medium,medium,medium,medium,modify,open,path,pipe,pipeline,process,process,request,request,request,result,result,spider,spider,status,waiter
pipelines/media.py,comment,avoid,avoid,avoid,cache,cache,cache,cache,cache,callback,callback,chain,check,check,code,code,code,context,context,decorate,def,defer,defer,dev,don,download,download,download,download,download,encapsulate,encapsulate,encapsulate,error,exception,exception,exception,exception,exception,exception,exception,extension,fail,failure,file,file,fix,function,gen,hook,http,information,inline,inside,instance,interface,internet,internet,iteration,iteration,iteration,leak,leave,medium,medium,medium,medium,memory,minimize,object,object,occur,org,original,original,originally,output,overridable,pep,pep,pipeline,pipeline,problem,python,python,raise,reference,reference,remove,request,request,request,request,request,request,response,response,response,response,response,result,result,result,return,return,return,return,return,scrapy,status,stop,stop,stop,support,test,todo,turn,twist,twist,ugly,wad,wait,wipe,www
pipelines/__init__.py,var,add,component,item,item,manager,middleware,mwlist,pipeline,process,setting
pipelines/__init__.py,comment
selector/unified.py,var,cl,init,list,parsel,response,selector,selector,selector,selectorlist,set,slot,st,text
selector/unified.py,comment
selector/__init__.py,var
selector/__init__.py,comment,import,level,top
settings/default_settings.py,var,acl,acl,acl,acl,acl,acl,active,active,addons,adjust,adjust,agent,agent,ajaxcrawl,append,asyncio,auth,autothrottle,autothrottle,autothrottle,autothrottle,autothrottle,base,base,base,base,base,base,base,base,batch,bot,cache,check,cipher,class,class,class,class,class,client,client,client,clientcontextfactory,closespider,closespider,closespider,closespider,code,code,command,compression,concurrency,concurrent,concurrent,concurrent,concurrent,contract,contract,control,cooky,cooky,count,dataloss,dateformat,dbm,debug,debug,debug,default,default,delay,delay,delay,delay,delta,depth,depth,depth,dir,dir,disk,dns,dns,dnscache,dnscache,domain,download,download,download,download,download,download,download,download,downloader,downloader,downloader,downloader,downloader,downloader,downloader,downloader,downloader,dump,dupefilter,editor,editor,empty,enable,enable,enable,enable,enable,enable,enable,enable,enable,enable,enable,enable,enable,enable,enable,enable,encode,encode,encode,errorcount,event,exception,expiration,export,export,export,export,exporter,exporter,extension,extension,fail,feed,feed,feed,feed,feed,feed,feed,feed,feed,feed,feed,feed,feed,feed,feed,field,file,file,file,file,fingerprinter,fingerprinter,format,formatter,ftp,ftp,ftp,ftp,gc,gc,gc,gc,gzip,handler,handler,header,host,host,http,http,httpcache,httpcache,httpcache,httpcache,httpcache,httpcache,httpcache,httpcache,httpcache,httpcache,httpcache,httpcache,httpclientfactory,httpproxy,httpproxy,id,ignore,ignore,ignore,ignore,ignore,image,image,implementation,indent,interval,interval,ip,item,item,item,item,item,item,itemcount,jobdir,level,limit,limit,limit,loader,loader,log,log,log,log,log,log,log,log,log,log,log,log,log,log,logstats,loop,mail,mail,mail,mail,mail,mail,max,max,max,maxdelay,maxsize,maxsize,mb,mb,memdebug,memdebug,memory,memusage,memusage,memusage,memusage,memusage,metarefresh,metarefresh,metarefresh,method,middlewares,middlewares,middlewares,middlewares,miss,mode,module,module,module,module,newspider,notify,notify,obey,pagecount,params,parser,pas,passive,password,password,periodic,periodic,periodic,pipeline,pipeline,policy,policy,port,port,priority,priority,priority,priority,processor,project,queue,queue,queue,randomize,rcpts,reactor,reactor,redirect,redirect,redirect,referer,referrer,request,request,request,request,request,request,resolver,response,retry,retry,retry,retry,retry,robotstxt,robotstxt,robotstxt,s3,s3,s3,scheduler,scheduler,scheduler,scheduler,scheduler,scheme,scraper,sec,short,size,size,slot,spider,spider,spider,spider,spider,spider,spider,start,stats,stats,stats,stats,stats,statsmailer,stdout,storage,storage,storage,storage,storage,storage,store,store,store,store,store,store,tag,target,telnetconsole,telnetconsole,telnetconsole,telnetconsole,telnetconsole,tempdir,templates,threadpool,time,time,time,timeout,timeout,timeout,tl,tl,tl,twist,uri,urllength,user,user,user,user,username,verbose,verbose,warn,warn,warnsize
settings/default_settings.py,comment,argument,compression,debug,debug,decompress,default,downloader,empty,enable,engine,engine,engine,error,extend,firefox,function,high,http,initial,mail,memory,memory,middleware,negotiation,nosec,os,platform,protocol,raise,report,request,response,response,retries,send,set,shutdown,side,side,side,side,spider,ssl,support,tls,uri,version
settings/__init__.py,var,assert,attribute,base,copy,copy,default,default,delete,delitem,dict,dict,freeze,frozencopy,getbool,getdict,getdictorlist,getfloat,getint,getitem,getlist,getpriority,getwithbase,init,init,init,input,iter,iter,key,key,len,maxpriority,mutability,overridden,pop,pretty,priority,priority,repr,repr,set,set,setdefault,setdict,setitem,setmodule,setting,setting,setting,setting,setting,setting,setting,setting,setting,update
settings/__init__.py,comment,base,base,base,config,default,default,define,dictionary,dicts,dicts,doesn,don,en,github,github,html,http,http,http,ignore,input,instance,integrate,io,ipython,issue,issue,issuecomment,json,key,key,key,kwarg,map,mutable,override,pas,pretty,printing,priorities,promote,promote,python,python,readthedocs,replace,require,restrict,scrapy,scrapy,setting,setting,setting,stable,support,support,support,type,type,type,type,update,update,update,user,user
spidermiddlewares/depth.py,var,async,crawler,depth,depth,filter,init,init,logger,middleware,output,output,process,process,spider,spider
spidermiddlewares/depth.py,comment,base,case,depth,python,require,type
spidermiddlewares/httperror.py,var,crawler,error,error,exception,http,http,init,init,input,logger,middleware,process,process,spider,spider
spidermiddlewares/httperror.py,comment,case,common,python,require,type
spidermiddlewares/offsite.py,var,async,crawler,filter,follow,host,init,logger,middleware,offsite,open,output,output,port,process,process,regex,spider,spider,spider,url,warn,warn
spidermiddlewares/offsite.py,comment,default,hostname,javascript,link,python,require,type,url,wrong
spidermiddlewares/referer.py,var,async,class,class,crawler,cross,cross,cross,cross,default,default,downgrade,downgrade,init,load,local,middleware,noreferrer,noreferrer,origin,origin,origin,origin,origin,origin,origin,origin,origin,origin,origin,origin,origin,origin,origin,origin,output,output,policy,policy,policy,policy,policy,policy,policy,policy,policy,policy,policy,policy,policy,policy,policy,policy,policy,policy,policy,policy,policy,policy,potentially,process,process,protect,referer,referer,referrer,referrer,referrer,referrer,referrer,referrer,referrer,referrer,referrer,referrer,referrer,referrer,referrer,referrer,referrer,referrer,referrer,request,schedule,scheme,scheme,scheme,scrapy,set,spider,spider,strict,strict,strict,strict,strip,strip,tl,trustworthy,unsafe,unsafe,url,url,url
spidermiddlewares/referer.py,comment,act,bit,check,context,don,empty,follow,github,hack,header,header,header,hook,hook,http,http,information,intercept,io,note,note,note,org,parent,patch,patch,policy,policy,policy,python,redirect,redirections,reference,referer,referrer,referrer,referrer,referrer,referrer,request,request,require,response,response,secure,string,surrogate,tr,trustworthy,type,url,url,w3,w3c,webappsec,www
spidermiddlewares/urllength.py,var,async,filter,init,length,logger,middleware,output,output,process,process,setting,spider,spider,url
spidermiddlewares/urllength.py,comment,python,require,type
spidermiddlewares/__init__.py,var
spidermiddlewares/__init__.py,comment
spiders/crawl.py,var,build,callback,compile,compile,crawl,crawler,default,errback,extractor,failure,follow,handle,identity,identity,init,init,link,method,parse,parse,parse,process,process,request,request,request,response,result,rule,rule,rule,spider,start,url
spiders/crawl.py,comment
spiders/feed.py,var,adapt,adapt,csv,delimiter,feed,feed,header,iterator,iternodes,itertag,namespaces,namespaces,node,node,parse,parse,parse,parse,parse,parse,process,process,quotechar,register,response,response,result,result,row,row,spider,spider,xml
spiders/feed.py,comment,backward,compatibility,csv,csv,default,default,delimiter,module,module,python,python,quotechar
spiders/init.py,var,init,init,initialized,request,request,spider,start
spiders/init.py,comment
spiders/sitemap.py,var,alternate,body,crawler,filter,follow,init,iterloc,link,logger,parse,regex,request,rule,sitemap,sitemap,sitemap,sitemap,sitemap,sitemap,sitemap,sitemap,spider,start,urls
spiders/sitemap.py,comment,actual,alternate,alternate,body,compress,compression,content,decompress,encode,file,file,fly,gunzipped,gz,gz,gzip,gzip,gzipped,gzipped,http,http,link,ls,middleware,place,plain,python,rel,require,response,response,response,sitemap,type,ur,word,xhtml,xml,xml,xml,xml
spiders/__init__.py,var,close,crawler,crawler,custom,handle,init,log,logger,parse,parse,repr,request,request,set,setting,setting,spider,start,update
spiders/__init__.py,comment,import,level,python,require,top,type
templates/project/module/__init__.py,var
templates/project/module/__init__.py,comment
templates/project/module/spiders/__init__.py,var
templates/project/module/spiders/__init__.py,comment,create,documentation,information,manage,package,project,refer,scrapy,spider,spider
utils/asyncgen.py,var,async,asyncgen,collect,generator
utils/asyncgen.py,comment
utils/benchserver.py,var,child,factory,getarg,http,leaf,listen,port,print,render,root,root
utils/benchserver.py,comment,nosec
utils/boto.py,var,botocore
utils/boto.py,comment,f401,noqa
utils/conf.py,var,arglist,build,cfg,check,check,cli,closest,complete,component,component,config,default,dict,env,feed,feed,format,init,key,list,map,params,process,scrapy,setting,source,valid,validate
utils/conf.py,comment,cli,feed,ignore,match,option,precedence,return,set,type
utils/console.py,var,bpython,console,default,embed,embed,embed,embed,embed,embed,func,func,ipython,ptpython,python,python,shell,shell,shell,shell,shell,shell,shell,standard,start,wrapper,wrapper,wrapper,wrapper
utils/console.py,comment,break,clear,code,code,completion,dont,embeddable,ensure,env,exit,f401,fall,fresh,function,ignore,ignore,import,import,inspect,instance,instance,instance,interact,list,module,noqa,order,parent,preference,propagation,python,raise,readline,redef,redef,repeat,response,run,setup,shell,shell,shell,system,tab,test,type,type,unix,work
utils/curl.py,var,action,argument,call,cooky,curl,curl,curl,data,error,header,ignore,kwargs,parse,parser,parser,request,safe
utils/curl.py,comment,argument,automatically,compress,compression,curl,data,default,default,enable,http,http,ignore,included,method,method,middleware,miss,post,prepends,request,safe,scheme,scheme,work
utils/datatypes.py,var,cache,cache,case,caseless,copy,copy,delitem,delitem,dict,dict,exclude,fromkeys,getitem,getitem,getitem,init,init,init,init,init,insensitive,key,kt,local,local,normkey,normkey,normvalue,normvalue,pop,reference,repr,sequence,setdefault,setitem,setitem,setitem,setitem,slot,update,vt,weak
utils/datatypes.py,comment,arg,cache,cache,doesn,fully,ignore,ignore,ignore,ignore,ignore,ignore,ignore,implement,key,key,map,misc,mutable,override,override,override,override,override,python,referenceable,referenceable,require,skip,type,type,type,type,type,type,type,type,type,update,weak,weak
utils/decorators.py,var,deco,defers,deprecate,inthread,wrap,wrap,wrap
utils/decorators.py,comment
utils/defer.py,var,adapter,aiter,anext,async,async,call,callback,chain,chain,cooperator,coro,coro,coro,coro,coro,ct,defer,defer,defer,defer,defer,defer,defer,defer,defer,defer,defer,errback,errback,errback,fail,future,future,init,iter,mustbe,parallel,parallel,parallel,process,process,process,result,succeed
utils/defer.py,comment,aiterator,aiterator,aiterator,aiterator,anext,anext,anext,async,asyncio,asyncio,asyncio,avoid,await,call,call,call,call,call,callable,chain,common,coroutine,coroutine,coroutines,correctly,deferred,deferred,deferred,deferred,deferred,deferreds,directly,doesn,e722,errback,error,exception,exception,exhausted,fire,fixme,future,hack,handle,ignore,introspect,iteration,iteration,noqa,oldest,processing,put,reactor,request,require,reraises,result,result,result,result,return,scrapy,selector,sends,sleep,speed,start,stop,stop,tracebacks,wait,wait,wait,work,wrap,wrap
utils/deprecate.py,var,attribute,call,class,class,class,classpath,classpath,classpath,clspath,create,deprecate,deprecate,deprecate,deprecation,init,instancecheck,method,overridden,rule,subclass,subclasscheck,update,update,update,warn
utils/deprecate.py,comment,argument,attribute,check,class,class,class,custom,customize,datamodel,define,deprecate,deprecate,deprecate,detail,dev,doc,error,exception,fails,fix,github,html,http,http,http,ignore,implementation,import,important,inspect,inspect,instance,isinstance,issubclass,issubclass,issue,jinja2,magic,method,misc,module,mypy,org,org,overload,pep,pep,python,python,python,raise,reference,stack,stack,subclass,subclass,subclasscheck,template,type,unable,user,www
utils/display.py,var,color,colorize,enable,parse,pformat,pformat,pprint,processing,support,terminal,tty,version,window
utils/display.py,comment,ansi,attr,define,enable,escape,http,ignore,interprets,processing,provide,sequence,stackoverflow,terminal,type,window
utils/engine.py,var,engine,engine,engine,format,print,status,status,status
utils/engine.py,comment,code,f401,global,noqa,nosec,test
utils/ftp.py,var,cwd,file,ftp,ftp,makedirs,store
utils/ftp.py,comment
utils/gz.py,var,gunzip,gzip,magic,number
utils/gz.py,comment,catch,complete,data,empty,error,issue,output,page,raise,small,stream,struct
utils/httpobj.py,var,cache,cache,urlparse,urlparse
utils/httpobj.py,comment
utils/iterators.py,var,body,body,body,body,csviter,init,logger,lxml,read,read,read,reader,row,str,str,str,str,stream,string,unicode,unicode,xmliter,xmliter
utils/iterators.py,comment,nosec,nosec
utils/job.py,var,dir,job
utils/job.py,comment
utils/log.py,var,adapter,configure,counter,default,emit,exc,failure,filter,flush,formatter,handler,handler,handler,handler,handler,info,info,info,init,init,init,install,level,log,log,log,log,log,log,logformatter,logger,logger,reactor,root,root,root,scrapy,scrapy,scrapy,scrapy,stream,top,twist,write
utils/log.py,comment,args,assignment,call,case,dict,doesn,empty,handle,ignore,log,log,logger,note,play,python,route,type,warning
utils/misc.py,var,arg,build,build,cache,callable,callback,crawler,create,environ,generator,generator,generator,instance,iter,iterable,load,md5sum,module,nofollow,object,rel,return,return,return,set,setting,single,walk,walk,warn
utils/misc.py,comment,finds,indentation,indentation,nosec,remove
utils/ossignal.py,var,handler,handler,install,shutdown,signal,signal,signum
utils/ossignal.py,comment,break,callable,catch,comparison,copy,ctrl,disable,handler,pyi,pylint,signal,stdlib,typeshed,window
utils/project.py,var,cfg,data,data,datadir,dir,envvar,inside,path,project,project,project,section,setting
utils/project.py,comment
utils/python.py,var,aiter,anext,args,async,async,attribute,binary,binarychars,byte,chain,chain,chain,chunk,collect,equal,extend,extend,flatten,func,garbage,global,iflatten,init,init,iter,iter,listlike,memoizemethod,method,mutable,mutable,noargs,object,rsearch,spec,text,unicode,unique
utils/python.py,comment,arg,attribute,attribute,call,callables,collect,collection,default,equal,false,ignore,init,itemgetter,iterable,iterable,py,py,return,support,type,weakreferences
utils/reactor.py,var,asyncio,asyncio,asyncio,asyncio,asyncio,asyncio,asyncio,call,call,cancel,event,event,event,event,event,event,init,instal,instal,instal,install,listen,loop,loop,loop,loop,loop,loop,policy,policy,policy,reactor,reactor,reactor,schedule,set,set,tcp,verify,verify
utils/reactor.py,comment,asyncio,behavior,call,code,cpython,current,deprecation,deprecation,emit,error,error,event,event,event,event,event,future,github,http,ignore,instal,issue,issuecomment,lack,loop,loop,loop,loop,prepared,previsibly,python,python,python,python,raise,raise,runtime,runtime,scenario,warning,warning
utils/request.py,var,authenticate,cache,crawler,curl,dict,fingerprint,fingerprint,fingerprint,fingerprint,fingerprinter,fingerprinter,header,httprepr,init,method,protocol,referer,request,request,request,request,request,request,serialize,str
utils/request.py,comment,byte,byte,byte,character,decode,encode,hex,json,nosec,reliably,support
utils/response.py,var,base,baseurl,browser,cache,cache,comment,html,message,meta,metaref,open,refresh,remove,response,status,url
utils/response.py,comment,bit,dirty,implementation,improve,xxx
utils/serialize.py,var,date,decoder,default,encoder,format,format,json,json,scrapy,scrapy,time
utils/serialize.py,comment
utils/signal.py,var,catch,catch,defer,disconnect,log,log,logerror,logger,send,send,type
utils/signal.py,comment,cell,cell,disable,en,guide,html,http,io,late,loop,loop,message,pylint,pylint,readthedocs,todo,user,var,var,warning
utils/sitemap.py,var,init,iter,robot,sitemap,sitemap,urls
utils/sitemap.py,comment,nosec,nosec
utils/spider.py,var,class,default,iter,iterate,iterate,iterate,iterate,logger,output,output,output,output,request,request,spider,spider,spider,spider,spider,spider,spidercls,spidercls
utils/spider.py,comment,http,ignore,import,manager,overlap,overload,question,rid,scrapy,singleton,spider,spider,spider,stackoverflow,type
utils/ssl.py,var,buf,ffi,info,key,lutil,open,openssl,py,ss,string,string,temp,version,x509name
utils/ssl.py,comment,adapt,apps,attr,cb,crypto,cryptography,define,ignore,key,open,open,print,remove,repr,ssl,ssl,ssl,tmp,type,x509name
utils/template.py,var,camelcase,camelcase,char,invalid,render,string,templatefile
utils/template.py,comment
utils/test.py,var,agent,assert,assert,asyncio,boto,buffer,client,cloud,content,content,crawler,data,delete,delete,environ,ftp,gc,gc,google,mock,pythonpath,queue,req,samelines,skip,spider,storage,test,testenv,web
utils/test.py,comment,acl,default,delete,deprecation,import,internet,load,prevent,reactor,set,setting,twist,warning
utils/testproc.py,var,command,cwd,end,err,execute,finish,init,prefix,process,process,process,process,protocol,receive,receive,test,test
utils/testproc.py,comment,chdirs,dir,temp,trial
utils/testsite.py,var,meta,port,redirect,refresh,render,set,site,site,tear,test,test,url
utils/testsite.py,comment
utils/trackref.py,var,format,iter,live,live,live,object,print,ref,ref,ref,ref,slot,type
utils/trackref.py,comment,hard,python,require,type,type,type
utils/url.py,var,add,ajax,domain,escape,extension,filesystem,guess,http,parse,path,path,path,posix,scheme,scheme,spider,strip,url,url,url,url,url,url,window
utils/url.py,comment,break,code,doesn,ensure,f401,import,move,move,noqa,scrapy,url,url,utils,w3lib
utils/versions.py,var,component,scrapy,version
utils/versions.py,comment,nosec
utils/_compression.py,var,brotli,brotli,chunk,decompress,decompression,exceed,inflate,max,size,size,unbrotli,unzstd
utils/_compression.py,comment,archive,aspx,carsten,codimi,content,de,deflate,faq,faq38,gzip,gzip,hack,html,http,http,http,information,ki,microsoft,org,port80software,raw,server,ugly,work,www,www,yaws,zlib,zlib
utils/__init__.py,var
utils/__init__.py,comment
